event_id,customer_id,order_id,event_timestamp,event_type,session_id,device_type,zone_context,api_latency_ms,success_flag
AE00001,C0488,,2024-08-09 03:25:00,eta_refresh,S19847,Android,north,301,1
AE00002,C0595,O00950,2024-02-13 22:29:00,search_route,S32766,Android,south,60,1
AE00003,C0494,O00170,2025-08-11 09:29:00,chat_opened,S99516,iOS,airport,1118,1
AE00004,C0407,O00756,2025-08-23 17:38:00,eta_refresh,S41236,iOS,central,442,1
AE00005,C0506,,2024-05-29 10:33:00,search_route,S12030,iOS,north,60,1
AE00006,C0498,O01196,2025-02-08 09:50:00,track_order,S66655,Web,west,499,1
AE00007,C0033,O00028,2025-04-20 19:06:00,chat_opened,S79495,Android,south,169,1
AE00008,C0091,O00076,2024-08-18 02:08:00,search_route,S59028,Android,central,431,1
AE00009,C0421,O01222,2025-07-20 11:46:00,eta_refresh,S76526,Web,north,609,1
AE00010,C0553,O00854,2024-07-10 13:11:00,chat_opened,S24618,Android,west,167,1
AE00011,C0643,O00192,2025-05-10 11:23:00,delivery_instruction_update,S22799,iOS,central,182,1
AE00012,C0095,O01080,2025-12-10 19:11:00,chat_escalated,S57519,Android,central,60,1
AE00013,C0479,O00414,2024-05-28 15:11:00,chat_escalated,S37114,Web,west,399,0
AE00014,C0626,O01054,2025-04-04 13:19:00,track_order,S75243,Android,airport,998,1
AE00015,C0014,O00860,2024-08-16 15:27:00,chat_opened,S71663,Android,west,238,1
AE00016,C0506,,2024-01-13 06:22:00,search_route,S47757,iOS,riverside,536,1
AE00017,C0170,O00424,2024-04-04 06:22:00,chat_escalated,S30048,Android,north,624,0
AE00018,C0530,O00295,2025-11-12 08:58:00,delivery_instruction_update,S76990,Android,north,626,1
AE00019,C0179,O00628,2025-03-31 17:14:00,track_order,S88326,Android,south,707,1
AE00020,C0116,O01065,2025-10-25 19:05:00,chat_opened,S81897,Android,north,196,1
AE00021,C0317,,2025-09-22 05:58:00,search_route,S89590,Android,central,494,1
AE00022,C0188,O00844,2024-03-28 22:47:00,delivery_instruction_update,S29750,iOS,south,760,1
AE00023,C0543,O00854,2024-10-16 14:48:00,chat_opened,S76975,iOS,north,644,1
AE00024,C0022,O01082,2024-03-11 19:51:00,track_order,S59171,Android,east,60,1
AE00025,C0486,,2025-06-27 22:42:00,track_order,S29906,iOS,north,350,1
AE00026,C0490,O00330,2024-11-16 23:54:00,eta_refresh,S93151,Android,north,388,1
AE00027,C0574,O00077,2024-05-12 06:04:00,delivery_instruction_update,S14580,iOS,riverside,886,1
AE00028,C0166,,2024-09-27 00:44:00,track_order,S26243,Android,south,570,1
AE00029,C0367,,2024-03-27 16:30:00,payment_retry,S27022,Android,east,435,1
AE00030,C0455,O00229,2025-06-07 02:10:00,chat_opened,S74816,iOS,west,403,1
AE00031,C0241,O01158,2024-06-09 05:13:00,track_order,S52070,iOS,airport,1660,1
AE00032,C0226,O00402,2025-09-20 00:20:00,search_route,S18892,Android,east,632,1
AE00033,C0587,O00742,2025-01-03 09:32:00,track_order,S56165,Android,north,520,1
AE00034,C0245,,2025-08-21 08:08:00,search_route,S39479,Android,central,510,1
AE00035,C0017,,2025-10-08 17:17:00,payment_retry,S20798,iOS,south,60,1
AE00036,C0007,O00977,2025-05-03 17:47:00,chat_escalated,S19561,iOS,central,362,0
AE00037,C0160,,2025-08-26 22:16:00,chat_opened,S73982,Android,east,458,1
AE00038,C0166,O00475,2025-09-25 11:47:00,eta_refresh,S10481,iOS,west,324,1
AE00039,C0274,,2024-01-09 23:40:00,payment_retry,S24754,iOS,central,528,1
AE00040,C0532,O01015,2025-11-17 09:32:00,search_route,S82851,iOS,west,724,1
AE00041,C0075,O00349,2025-05-24 04:19:00,track_order,S44614,Android,riverside,670,1
AE00042,C0409,O00044,2024-09-18 07:02:00,search_route,S80779,iOS,north,524,1
AE00043,C0200,O00954,2024-11-27 18:10:00,eta_refresh,S78974,Android,west,287,1
AE00044,C0633,O01022,2025-06-04 17:13:00,search_route,S44218,Android,central,588,1
AE00045,C0163,O00696,2024-10-09 22:04:00,payment_retry,S76855,iOS,airport,555,1
AE00046,C0531,O00016,2024-10-30 13:13:00,search_route,S55883,Web,west,326,1
AE00047,C0063,O00159,2024-09-18 14:52:00,track_order,S29662,iOS,east,344,1
AE00048,C0306,O01222,2025-02-25 04:16:00,chat_escalated,S77519,Android,riverside,166,0
AE00049,C0381,O01086,2025-11-11 17:22:00,chat_opened,S99244,Android,west,113,1
AE00050,C0114,,2024-01-05 23:16:00,track_order,S64182,Android,north,545,1
AE00051,C0080,O00512,2025-10-18 21:50:00,eta_refresh,S35136,Android,central,473,1
AE00052,C0326,O01080,2024-02-12 02:37:00,payment_retry,S42021,Android,north,570,0
AE00053,C0349,O00467,2024-11-28 23:28:00,delivery_instruction_update,S83805,iOS,south,255,1
AE00054,C0138,O00189,2025-05-01 02:00:00,search_route,S82990,iOS,south,73,1
AE00055,C0120,O00922,2024-09-29 23:08:00,track_order,S55056,iOS,airport,800,1
AE00056,C0556,O01180,2025-09-23 17:24:00,payment_retry,S77071,Android,north,592,0
AE00057,C0266,O00600,2025-11-03 13:54:00,track_order,S51373,Android,east,585,1
AE00058,C0187,,2025-08-26 16:54:00,search_route,S24062,iOS,airport,207,1
AE00059,C0613,,2024-12-30 21:49:00,delivery_instruction_update,S18202,Android,east,327,1
AE00060,C0490,O00551,2025-09-14 12:20:00,search_route,S69751,iOS,central,270,1
AE00061,C0551,O01205,2025-03-31 09:18:00,track_order,S46023,iOS,airport,418,1
AE00062,C0116,O01105,2024-01-29 07:08:00,track_order,S57220,Android,riverside,838,1
AE00063,C0549,O00656,2024-11-06 15:04:00,delivery_instruction_update,S42721,Android,east,274,1
AE00064,C0515,O00032,2024-09-16 15:36:00,track_order,S99350,Android,central,840,1
AE00065,C0127,O01042,2024-04-03 04:07:00,delivery_instruction_update,S23520,Android,east,287,1
AE00066,C0612,,2025-05-19 07:41:00,payment_retry,S90136,Android,riverside,60,0
AE00067,C0113,O00822,2025-04-28 01:07:00,eta_refresh,S57776,Android,north,594,1
AE00068,C0130,O00096,2024-04-06 13:41:00,chat_opened,S29137,Android,central,60,1
AE00069,C0303,,2025-02-13 15:13:00,payment_retry,S60656,Android,south,637,0
AE00070,C0063,O00689,2025-06-11 06:37:00,chat_opened,S88132,iOS,central,477,1
AE00071,C0565,O01092,2024-10-11 06:33:00,chat_opened,S38006,iOS,east,300,1
AE00072,C0006,O00802,2025-11-10 23:09:00,track_order,S37414,Android,central,155,1
AE00073,C0521,,2025-08-20 22:37:00,cancel_attempt,S18062,Web,airport,392,1
AE00074,C0522,,2025-04-13 00:33:00,chat_opened,S11111,iOS,airport,347,1
AE00075,C0439,O00245,2024-09-22 13:20:00,delivery_instruction_update,S47526,iOS,airport,463,1
AE00076,C0221,O01006,2025-04-19 07:46:00,delivery_instruction_update,S50746,Android,east,1005,1
AE00077,C0549,O01026,2024-06-12 20:18:00,search_route,S59198,iOS,east,546,1
AE00078,C0328,,2025-04-30 19:26:00,eta_refresh,S67487,Android,airport,853,1
AE00079,C0371,O00950,2025-02-28 12:58:00,delivery_instruction_update,S75895,iOS,riverside,646,1
AE00080,C0181,O00757,2024-01-08 01:12:00,search_route,S51497,Android,south,783,1
AE00081,C0182,O00976,2024-05-14 22:41:00,track_order,S96252,Android,west,422,1
AE00082,C0231,O00506,2025-12-03 00:20:00,search_route,S46240,iOS,east,60,1
AE00083,C0215,O00602,2024-09-12 22:25:00,track_order,S29184,iOS,east,265,1
AE00084,C0021,O01124,2024-02-22 02:18:00,delivery_instruction_update,S65491,iOS,south,688,1
AE00085,C0634,O01212,2024-03-20 07:47:00,delivery_instruction_update,S30667,Android,airport,843,1
AE00086,C0256,,2024-03-16 01:54:00,search_route,S82272,iOS,south,813,1
AE00087,C0218,O00386,2024-06-27 01:58:00,search_route,S21479,Android,riverside,401,1
AE00088,C0157,,2024-06-12 21:08:00,chat_opened,S21347,Android,north,561,1
AE00089,C0637,O00619,2024-01-02 17:18:00,search_route,S54109,Web,north,60,1
AE00090,C0044,O00078,2025-07-17 23:08:00,payment_retry,S76455,Android,north,820,1
AE00091,C0204,O00772,2025-12-06 06:51:00,chat_escalated,S24981,iOS,east,610,1
AE00092,C0129,O00080,2025-04-22 23:16:00,eta_refresh,S30798,Android,central,522,1
AE00093,C0025,O00405,2024-02-13 15:40:00,payment_retry,S57429,iOS,east,440,1
AE00094,C0010,,2025-08-01 11:56:00,track_order,S78031,iOS,south,573,1
AE00095,C0428,O01057,2025-05-16 01:12:00,delivery_instruction_update,S81735,Web,west,399,1
AE00096,C0424,O00426,2025-02-07 00:14:00,track_order,S50881,Web,east,562,1
AE00097,C0468,O00460,2025-06-10 04:05:00,payment_retry,S77602,Android,riverside,404,0
AE00098,C0101,,2025-01-31 14:10:00,chat_escalated,S89859,iOS,riverside,401,1
AE00099,C0095,O00709,2024-04-25 00:36:00,payment_retry,S33955,Android,riverside,138,1
AE00100,C0312,,2024-05-29 17:36:00,chat_escalated,S86296,Android,airport,137,0
AE00101,C0149,,2025-08-08 19:08:00,cancel_attempt,S34862,Web,central,618,1
AE00102,C0272,O01227,2025-05-13 09:40:00,chat_escalated,S62522,Android,east,982,1
AE00103,C0306,O00114,2025-10-02 10:34:00,payment_retry,S19712,Web,north,551,1
AE00104,C0429,O00170,2024-03-19 16:37:00,chat_opened,S25315,Android,riverside,649,1
AE00105,C0540,O00428,2024-05-28 05:14:00,cancel_attempt,S64900,iOS,riverside,153,1
AE00106,C0360,O01144,2025-01-25 13:47:00,search_route,S96181,Android,south,216,1
AE00107,C0081,O00858,2024-01-24 03:08:00,chat_escalated,S34476,Android,north,449,0
AE00108,C0307,,2024-11-27 16:15:00,eta_refresh,S13993,Web,central,1285,1
AE00109,C0114,O00393,2024-07-17 12:02:00,eta_refresh,S22089,Android,airport,533,1
AE00110,C0382,O00099,2024-07-03 02:04:00,delivery_instruction_update,S87255,Web,central,209,1
AE00111,C0565,O00055,2025-02-06 03:15:00,cancel_attempt,S80723,Android,riverside,219,1
AE00112,C0259,O00051,2025-04-24 08:45:00,search_route,S67232,Android,central,602,1
AE00113,C0540,O01132,2024-02-27 18:25:00,search_route,S21806,Android,west,510,1
AE00114,C0135,O00217,2025-06-02 18:48:00,eta_refresh,S46677,iOS,west,464,1
AE00115,C0012,O00781,2025-12-29 23:12:00,track_order,S41963,iOS,north,546,1
AE00116,C0237,O00033,2024-07-16 05:19:00,eta_refresh,S56150,iOS,central,422,1
AE00117,C0122,O00043,2024-04-11 11:39:00,track_order,S18818,Android,north,387,1
AE00118,C0459,O00059,2024-07-12 20:41:00,track_order,S52877,Android,north,629,1
AE00119,C0153,O00021,2024-01-13 16:25:00,track_order,S89481,Web,north,628,1
AE00120,C0429,O00367,2024-08-09 08:11:00,delivery_instruction_update,S53741,Android,central,1218,1
AE00121,C0451,O00857,2025-09-30 03:14:00,payment_retry,S19782,Android,west,862,0
AE00122,C0178,O00979,2025-07-16 15:36:00,eta_refresh,S68778,iOS,east,312,1
AE00123,C0250,O00011,2024-11-15 06:53:00,payment_retry,S15600,Android,central,1558,1
AE00124,C0348,,2025-03-06 23:34:00,eta_refresh,S29360,Android,east,537,1
AE00125,C0430,O01083,2025-06-22 18:22:00,delivery_instruction_update,S35887,Android,south,510,1
AE00126,C0343,O00847,2024-12-13 22:02:00,eta_refresh,S81938,iOS,central,433,1
AE00127,C0135,O01205,2025-11-12 01:05:00,track_order,S33676,Web,west,299,1
AE00128,C0139,,2025-03-21 11:03:00,chat_opened,S89566,Android,riverside,302,1
AE00129,C0234,O01211,2024-08-28 20:20:00,search_route,S11783,Android,south,304,1
AE00130,C0499,O00863,2024-01-12 22:22:00,delivery_instruction_update,S63325,Android,east,286,1
AE00131,C0344,O00395,2025-12-09 05:51:00,eta_refresh,S40076,Android,east,751,1
AE00132,C0504,O00741,2024-04-30 13:14:00,chat_opened,S11696,Android,west,375,1
AE00133,C0119,,2025-10-13 19:59:00,eta_refresh,S63204,Android,west,512,1
AE00134,C0074,O00216,2024-12-31 16:38:00,eta_refresh,S31994,Android,airport,368,1
AE00135,C0447,O00395,2025-05-03 11:11:00,chat_opened,S28174,iOS,east,418,1
AE00136,C0324,,2025-09-05 10:01:00,payment_retry,S41186,Android,east,491,1
AE00137,C0318,O00669,2024-07-19 21:36:00,search_route,S42305,Android,north,289,1
AE00138,C0495,O00863,2024-07-04 03:28:00,delivery_instruction_update,S41862,iOS,south,641,1
AE00139,C0589,O01195,2024-04-06 09:08:00,track_order,S18650,iOS,south,263,1
AE00140,C0026,O00312,2024-07-30 22:16:00,track_order,S35078,iOS,west,639,1
AE00141,C0644,O00956,2024-07-21 16:03:00,track_order,S51247,Android,central,901,1
AE00142,C0005,O00103,2024-04-18 04:39:00,track_order,S33250,Android,west,187,1
AE00143,C0025,O00124,2024-07-18 18:59:00,cancel_attempt,S88076,Android,airport,1039,1
AE00144,C0347,O00708,2024-10-08 10:04:00,eta_refresh,S80449,Android,north,648,1
AE00145,C0062,O01049,2024-08-31 23:03:00,delivery_instruction_update,S88111,iOS,central,159,1
AE00146,C0228,O00311,2025-08-02 23:18:00,track_order,S69169,Android,north,275,1
AE00147,C0128,O00020,2024-09-28 14:16:00,track_order,S54633,iOS,central,836,1
AE00148,C0634,,2025-07-16 13:16:00,track_order,S69151,Android,airport,263,1
AE00149,C0236,O00733,2024-03-04 12:19:00,delivery_instruction_update,S97668,Android,east,191,1
AE00150,C0207,O00017,2025-12-02 08:49:00,cancel_attempt,S30266,Android,south,118,1
AE00151,C0472,O00129,2024-11-24 20:48:00,search_route,S28386,Android,airport,1035,1
AE00152,C0134,O00890,2025-10-28 12:42:00,payment_retry,S79279,iOS,east,609,1
AE00153,C0540,,2024-10-28 03:03:00,search_route,S92690,Android,central,360,1
AE00154,C0096,O00813,2025-04-03 00:09:00,track_order,S26942,iOS,riverside,187,1
AE00155,C0256,O01136,2025-06-19 05:14:00,search_route,S78880,iOS,east,780,1
AE00156,C0004,O00998,2025-05-12 19:56:00,chat_opened,S19094,Android,north,618,1
AE00157,C0568,O01041,2025-07-05 07:53:00,chat_opened,S94050,Android,east,669,1
AE00158,C0444,O00239,2024-05-01 10:17:00,track_order,S64444,Android,south,558,1
AE00159,C0057,O01073,2025-10-10 01:20:00,search_route,S80676,Android,south,100,1
AE00160,C0351,,2025-09-12 22:47:00,chat_opened,S51613,Android,central,264,1
AE00161,C0308,O00031,2024-06-16 16:40:00,search_route,S73430,iOS,east,635,1
AE00162,C0277,,2024-10-19 12:25:00,cancel_attempt,S90878,iOS,riverside,477,1
AE00163,C0159,O00703,2025-05-30 03:46:00,search_route,S29863,Android,south,586,1
AE00164,C0028,O00547,2025-10-13 18:52:00,eta_refresh,S21845,Android,west,330,1
AE00165,C0211,O01203,2024-11-20 00:04:00,track_order,S42312,iOS,west,141,1
AE00166,C0152,,2024-08-21 15:08:00,chat_escalated,S45482,iOS,south,60,1
AE00167,C0327,,2024-05-24 08:39:00,track_order,S97782,Android,central,450,1
AE00168,C0428,O00991,2024-11-13 12:22:00,track_order,S94225,Android,central,160,1
AE00169,C0236,O01007,2025-09-20 00:31:00,payment_retry,S31565,Android,airport,252,1
AE00170,C0602,,2025-05-24 11:07:00,track_order,S40147,iOS,west,642,1
AE00171,C0219,,2024-12-05 01:18:00,chat_opened,S45451,iOS,airport,659,1
AE00172,C0636,,2024-10-27 02:36:00,eta_refresh,S15954,iOS,west,564,1
AE00173,C0604,O00323,2024-05-12 11:14:00,eta_refresh,S59591,Web,west,772,1
AE00174,C0516,,2024-10-17 18:43:00,track_order,S79217,iOS,west,418,1
AE00175,C0027,O00040,2025-03-22 09:30:00,chat_opened,S27542,iOS,north,828,1
AE00176,C0443,O00475,2025-04-19 23:45:00,track_order,S99435,iOS,east,530,1
AE00177,C0431,,2025-10-20 04:30:00,chat_opened,S90018,Android,airport,338,1
AE00178,C0022,,2024-05-23 05:09:00,delivery_instruction_update,S15462,Android,east,186,1
AE00179,C0634,O00605,2024-04-20 23:19:00,delivery_instruction_update,S52206,Android,north,231,1
AE00180,C0003,O00599,2024-04-05 22:39:00,cancel_attempt,S48720,Android,airport,282,1
AE00181,C0602,,2024-08-15 12:23:00,chat_opened,S38965,iOS,east,413,1
AE00182,C0438,O01213,2025-04-26 09:51:00,eta_refresh,S29723,Android,west,328,1
AE00183,C0227,,2024-04-07 12:16:00,payment_retry,S65322,iOS,riverside,76,1
AE00184,C0383,O00290,2025-06-28 12:11:00,eta_refresh,S10919,Android,airport,673,1
AE00185,C0540,O00636,2024-01-01 04:02:00,payment_retry,S50299,Web,east,550,1
AE00186,C0297,O00033,2024-01-09 21:50:00,delivery_instruction_update,S98196,Web,airport,811,1
AE00187,C0500,,2024-04-03 04:53:00,track_order,S84399,iOS,riverside,516,1
AE00188,C0576,,2025-03-10 15:20:00,chat_opened,S72332,iOS,south,376,1
AE00189,C0491,O00686,2024-08-03 12:43:00,chat_opened,S98299,iOS,central,320,1
AE00190,C0006,O00220,2024-12-25 13:57:00,track_order,S89254,Web,west,407,1
AE00191,C0559,O00582,2024-03-06 18:13:00,search_route,S57395,Android,central,304,1
AE00192,C0415,O00091,2025-04-04 13:39:00,eta_refresh,S25456,Web,riverside,238,1
AE00193,C0558,O00320,2024-08-10 19:31:00,payment_retry,S70607,iOS,airport,1701,1
AE00194,C0502,,2025-04-13 13:31:00,track_order,S92171,Web,riverside,291,1
AE00195,C0182,O00489,2024-02-12 12:39:00,track_order,S88300,iOS,riverside,553,1
AE00196,C0308,O01227,2024-07-18 11:53:00,payment_retry,S74695,iOS,airport,280,0
AE00197,C0287,,2024-01-05 09:57:00,track_order,S12792,iOS,south,222,1
AE00198,C0229,,2025-11-10 12:31:00,payment_retry,S61126,iOS,riverside,321,1
AE00199,C0458,O00502,2025-03-05 09:23:00,track_order,S54839,Android,east,794,1
AE00200,C0422,O00420,2025-11-13 01:11:00,eta_refresh,S20454,Android,riverside,574,1
AE00201,C0139,O00783,2024-08-12 08:07:00,eta_refresh,S79498,Android,west,60,1
AE00202,C0190,O00008,2024-12-31 22:36:00,track_order,S46827,Android,riverside,747,1
AE00203,C0050,O01110,2024-11-28 23:16:00,eta_refresh,S88874,iOS,north,792,1
AE00204,C0370,O00390,2025-10-21 12:12:00,search_route,S14150,iOS,airport,414,1
AE00205,C0565,O01188,2025-12-02 17:43:00,search_route,S65549,iOS,west,521,1
AE00206,C0540,O00860,2025-08-10 13:22:00,track_order,S41049,iOS,central,423,1
AE00207,C0611,O00360,2025-09-30 05:26:00,track_order,S85216,iOS,north,443,1
AE00208,C0492,O00439,2024-07-18 08:06:00,delivery_instruction_update,S14892,iOS,east,729,1
AE00209,C0311,O00549,2025-06-25 21:11:00,search_route,S69288,iOS,east,479,1
AE00210,C0066,O00764,2025-10-17 10:22:00,track_order,S97799,Android,north,610,1
AE00211,C0154,O00597,2025-03-10 18:31:00,chat_opened,S23758,iOS,north,273,1
AE00212,C0050,O00656,2024-12-09 02:17:00,chat_escalated,S30429,Web,airport,474,0
AE00213,C0165,O00825,2025-12-31 01:59:00,cancel_attempt,S21498,Android,west,337,1
AE00214,C0036,O00929,2024-11-19 16:32:00,chat_escalated,S95975,iOS,central,60,1
AE00215,C0408,,2024-11-04 12:36:00,eta_refresh,S99032,Web,riverside,753,1
AE00216,C0353,O00689,2025-02-15 06:05:00,track_order,S56502,Android,west,193,1
AE00217,C0489,O00452,2024-04-22 18:38:00,track_order,S41923,iOS,east,523,1
AE00218,C0638,O00997,2024-07-11 07:41:00,search_route,S93085,Android,airport,137,1
AE00219,C0495,O00473,2024-11-06 10:57:00,cancel_attempt,S46630,iOS,central,371,1
AE00220,C0469,O00413,2025-10-02 15:05:00,search_route,S61687,iOS,airport,1046,1
AE00221,C0309,O01074,2025-08-16 01:12:00,delivery_instruction_update,S93181,Android,west,584,1
AE00222,C0511,O00539,2024-09-13 09:38:00,search_route,S16455,Android,west,606,1
AE00223,C0506,,2025-01-05 02:35:00,eta_refresh,S19581,Android,riverside,717,1
AE00224,C0611,,2025-12-03 15:48:00,chat_escalated,S69785,Android,north,433,1
AE00225,C0105,O00659,2025-07-03 18:05:00,search_route,S69038,Android,south,401,1
AE00226,C0259,O00918,2025-07-10 21:37:00,track_order,S12105,Android,central,581,1
AE00227,C0194,O00918,2024-06-11 02:54:00,delivery_instruction_update,S26318,iOS,riverside,241,1
AE00228,C0220,O01213,2024-03-18 10:58:00,track_order,S31464,Android,north,261,1
AE00229,C0392,O00450,2024-01-29 03:08:00,track_order,S32859,iOS,riverside,484,1
AE00230,C0467,O00698,2025-06-02 00:55:00,payment_retry,S79237,Web,west,368,1
AE00231,C0375,O00188,2024-02-28 00:09:00,chat_opened,S62538,iOS,riverside,394,1
AE00232,C0475,O00336,2025-06-10 10:39:00,chat_opened,S19410,iOS,north,614,1
AE00233,C0144,O00990,2025-09-06 23:35:00,search_route,S25207,Web,south,440,1
AE00234,C0447,O00068,2025-05-16 04:24:00,search_route,S16617,iOS,central,718,1
AE00235,C0102,O00065,2024-07-28 16:08:00,track_order,S32192,Android,east,531,1
AE00236,C0215,O00722,2024-08-23 22:05:00,payment_retry,S66874,iOS,airport,478,1
AE00237,C0375,O00581,2024-05-26 13:58:00,eta_refresh,S75980,Android,east,339,1
AE00238,C0611,O00098,2024-10-30 02:43:00,delivery_instruction_update,S27480,Web,airport,321,1
AE00239,C0291,O00746,2025-03-15 03:20:00,chat_escalated,S83143,iOS,riverside,215,1
AE00240,C0109,O00771,2025-12-08 03:46:00,chat_opened,S68728,Android,central,895,1
AE00241,C0024,O00814,2024-06-28 06:51:00,chat_opened,S22478,iOS,riverside,624,1
AE00242,C0070,O00627,2024-04-18 10:54:00,delivery_instruction_update,S59972,iOS,central,792,1
AE00243,C0217,O00878,2024-07-05 13:59:00,chat_opened,S89574,Android,north,646,1
AE00244,C0355,O01236,2024-02-17 00:42:00,chat_escalated,S49312,Android,east,487,0
AE00245,C0159,O00570,2025-06-25 22:42:00,search_route,S22380,Web,south,757,1
AE00246,C0173,O00188,2025-09-26 08:26:00,search_route,S73690,iOS,east,490,1
AE00247,C0056,,2025-05-04 18:58:00,delivery_instruction_update,S49126,Android,east,734,1
AE00248,C0558,O01118,2024-02-14 07:02:00,payment_retry,S95292,iOS,riverside,488,1
AE00249,C0120,,2025-10-20 11:10:00,payment_retry,S60781,Android,south,591,0
AE00250,C0409,,2024-03-20 14:32:00,delivery_instruction_update,S80264,Web,riverside,553,1
AE00251,C0623,O00162,2024-02-16 23:07:00,payment_retry,S96369,Android,central,375,1
AE00252,C0202,O00936,2024-04-24 05:08:00,track_order,S97343,iOS,airport,278,1
AE00253,C0485,O01098,2025-12-13 20:05:00,chat_escalated,S76383,Android,west,799,1
AE00254,C0419,O00265,2024-03-19 05:42:00,track_order,S69799,iOS,east,543,1
AE00255,C0563,O00972,2024-04-11 10:46:00,payment_retry,S15134,Android,central,376,1
AE00256,C0447,O00220,2025-10-08 16:41:00,delivery_instruction_update,S35671,Android,south,466,1
AE00257,C0643,,2025-07-16 12:39:00,eta_refresh,S34258,iOS,central,545,1
AE00258,C0489,O00812,2025-09-24 21:15:00,payment_retry,S53794,Web,riverside,60,0
AE00259,C0055,O01208,2025-06-21 16:57:00,delivery_instruction_update,S66374,iOS,west,247,1
AE00260,C0109,O00932,2024-10-25 12:28:00,cancel_attempt,S74608,Web,airport,350,1
AE00261,C0433,O00167,2025-02-10 10:12:00,search_route,S51615,Android,riverside,236,1
AE00262,C0079,O00532,2024-12-21 16:48:00,search_route,S78668,Web,east,392,1
AE00263,C0330,O01163,2024-02-14 18:08:00,track_order,S98156,Web,riverside,60,1
AE00264,C0134,,2024-02-25 19:03:00,track_order,S46151,iOS,west,60,1
AE00265,C0192,O01137,2024-11-06 03:00:00,chat_opened,S53981,Android,central,1240,1
AE00266,C0378,O00856,2024-12-12 10:44:00,search_route,S22322,Android,airport,536,1
AE00267,C0473,,2024-09-19 05:09:00,eta_refresh,S55731,iOS,riverside,542,1
AE00268,C0377,O01202,2024-05-04 16:58:00,eta_refresh,S22564,iOS,west,429,1
AE00269,C0325,O00863,2025-08-15 22:29:00,delivery_instruction_update,S64498,Android,riverside,304,1
AE00270,C0578,O00326,2025-09-09 01:15:00,chat_opened,S29661,Android,airport,503,1
AE00271,C0322,O01193,2025-10-19 21:23:00,search_route,S43982,Web,north,627,1
AE00272,C0338,O01203,2025-03-02 04:57:00,eta_refresh,S33897,iOS,east,190,1
AE00273,C0433,O01067,2024-05-28 05:11:00,track_order,S48118,Web,riverside,134,1
AE00274,C0049,O01167,2025-09-27 15:25:00,track_order,S94086,Android,riverside,495,1
AE00275,C0485,O00676,2024-06-12 17:54:00,delivery_instruction_update,S57005,Android,north,279,1
AE00276,C0111,O01221,2025-01-21 11:43:00,search_route,S73488,Android,south,300,1
AE00277,C0580,O00409,2024-12-26 15:48:00,payment_retry,S59602,Android,west,552,0
AE00278,C0337,O01073,2024-11-12 03:16:00,chat_opened,S88214,Android,central,421,1
AE00279,C0112,O01215,2025-02-20 21:24:00,track_order,S90848,Android,north,582,1
AE00280,C0456,O00907,2025-12-31 18:05:00,track_order,S12463,iOS,north,251,1
AE00281,C0310,O00397,2024-03-06 12:05:00,search_route,S39460,Android,south,457,1
AE00282,C0234,,2024-08-08 19:03:00,chat_opened,S29738,iOS,west,1007,1
AE00283,C0589,O00589,2024-09-19 14:25:00,payment_retry,S32645,Android,south,362,1
AE00284,C0604,O00371,2025-10-26 11:28:00,search_route,S76025,Android,east,60,1
AE00285,C0440,O00539,2025-12-25 16:11:00,search_route,S17327,iOS,airport,414,1
AE00286,C0358,,2024-02-18 07:54:00,search_route,S60811,iOS,central,364,1
AE00287,C0573,O00074,2024-05-02 05:45:00,search_route,S30431,Android,east,571,1
AE00288,C0273,O00480,2025-07-21 17:12:00,cancel_attempt,S63671,Android,north,60,1
AE00289,C0207,O00654,2024-03-02 10:12:00,payment_retry,S19707,Android,riverside,343,1
AE00290,C0399,O00951,2025-08-01 22:46:00,delivery_instruction_update,S84446,Android,east,457,1
AE00291,C0312,O00330,2024-12-17 21:44:00,track_order,S95883,Android,west,405,1
AE00292,C0520,O00929,2025-10-16 23:21:00,eta_refresh,S72274,iOS,north,60,1
AE00293,C0073,O00609,2024-07-10 13:17:00,chat_escalated,S78813,Android,west,1074,1
AE00294,C0492,O00876,2025-11-27 02:21:00,track_order,S33068,Android,west,405,1
AE00295,C0449,O01002,2025-03-30 00:14:00,payment_retry,S13138,Android,west,246,1
AE00296,C0471,O00635,2025-06-30 16:35:00,eta_refresh,S10325,Android,riverside,187,1
AE00297,C0411,O01163,2025-03-25 01:02:00,payment_retry,S30130,iOS,central,565,1
AE00298,C0107,O01189,2025-06-14 12:47:00,track_order,S71004,iOS,east,78,1
AE00299,C0451,,2025-03-27 21:53:00,eta_refresh,S92082,Web,south,529,1
AE00300,C0014,O00867,2024-08-16 00:18:00,eta_refresh,S10509,Android,north,214,1
AE00301,C0503,,2024-04-15 18:05:00,eta_refresh,S91821,iOS,north,294,1
AE00302,C0555,O00728,2025-03-31 12:56:00,chat_opened,S23029,Web,north,692,1
AE00303,C0274,O00142,2025-01-01 07:52:00,cancel_attempt,S47090,Web,south,233,1
AE00304,C0401,O00211,2025-10-25 04:43:00,search_route,S24776,Web,north,324,1
AE00305,C0428,O00667,2024-02-12 16:22:00,eta_refresh,S55317,iOS,east,226,1
AE00306,C0401,O00753,2024-08-28 19:44:00,chat_escalated,S68086,iOS,east,265,1
AE00307,C0173,O00956,2025-01-09 16:55:00,chat_escalated,S58130,Android,central,270,0
AE00308,C0182,O00880,2025-04-01 08:58:00,eta_refresh,S58033,iOS,central,535,1
AE00309,C0169,O01161,2024-12-15 06:35:00,delivery_instruction_update,S21517,Android,west,295,1
AE00310,C0229,O01161,2025-09-25 04:08:00,chat_opened,S21891,iOS,west,206,1
AE00311,C0312,,2024-08-26 16:45:00,chat_escalated,S51997,iOS,west,243,1
AE00312,C0517,,2025-11-26 03:53:00,eta_refresh,S16386,Android,riverside,512,1
AE00313,C0337,O00032,2025-11-18 21:27:00,track_order,S88456,Android,west,400,1
AE00314,C0047,O00755,2024-12-20 19:40:00,cancel_attempt,S71075,iOS,south,579,1
AE00315,C0137,O00044,2025-02-13 08:27:00,delivery_instruction_update,S89689,Android,west,296,1
AE00316,C0304,O01244,2025-02-17 13:00:00,eta_refresh,S25067,Android,airport,440,1
AE00317,C0014,O00912,2025-05-03 14:40:00,track_order,S67860,Web,riverside,584,1
AE00318,C0031,O00212,2024-01-01 15:57:00,track_order,S16209,iOS,airport,668,1
AE00319,C0330,,2025-08-10 16:14:00,track_order,S94639,Android,north,231,1
AE00320,C0244,O00884,2024-10-29 23:06:00,chat_opened,S67074,Android,north,60,1
AE00321,C0239,O00437,2024-02-01 21:51:00,search_route,S46797,iOS,riverside,356,1
AE00322,C0481,O00344,2024-01-26 21:37:00,eta_refresh,S17051,Android,riverside,147,1
AE00323,C0648,O01237,2025-03-11 03:52:00,payment_retry,S20836,iOS,central,752,0
AE00324,C0078,O00721,2025-05-22 15:38:00,eta_refresh,S34536,Web,east,310,1
AE00325,C0479,O00062,2024-06-29 12:26:00,eta_refresh,S70624,Android,north,180,1
AE00326,C0518,O00946,2025-07-01 13:21:00,track_order,S29534,iOS,airport,202,1
AE00327,C0186,O00341,2024-02-13 16:18:00,search_route,S92655,Web,central,311,1
AE00328,C0517,,2024-12-05 05:55:00,track_order,S81197,Android,north,76,1
AE00329,C0172,O00193,2024-08-21 13:52:00,track_order,S67439,Android,airport,387,1
AE00330,C0479,O00220,2024-06-04 23:57:00,payment_retry,S57427,Web,airport,577,1
AE00331,C0227,,2024-09-28 03:50:00,eta_refresh,S87401,Web,south,731,1
AE00332,C0247,O00391,2024-04-23 06:44:00,chat_opened,S99938,Android,west,409,1
AE00333,C0138,O00453,2024-05-05 18:40:00,chat_opened,S20673,iOS,north,944,1
AE00334,C0274,,2025-03-15 01:52:00,track_order,S60524,Web,central,313,1
AE00335,C0520,O00499,2025-08-01 01:29:00,chat_opened,S97260,iOS,east,389,1
AE00336,C0467,,2025-01-20 01:08:00,payment_retry,S49538,Web,east,468,1
AE00337,C0529,O00319,2025-05-19 05:31:00,search_route,S60782,iOS,airport,385,1
AE00338,C0257,O00890,2024-08-01 09:26:00,payment_retry,S92069,Android,south,523,1
AE00339,C0316,,2025-06-04 13:22:00,search_route,S71556,iOS,airport,590,1
AE00340,C0330,O00762,2024-06-11 14:01:00,track_order,S97505,iOS,east,444,1
AE00341,C0537,O01121,2025-06-24 07:43:00,chat_opened,S44241,iOS,riverside,527,1
AE00342,C0245,O00134,2025-02-26 11:20:00,delivery_instruction_update,S34258,Android,west,897,1
AE00343,C0113,,2025-03-18 08:14:00,eta_refresh,S30321,Android,central,595,1
AE00344,C0429,,2024-05-14 09:28:00,chat_escalated,S24008,Web,central,998,0
AE00345,C0535,O01106,2025-10-25 23:21:00,track_order,S27492,iOS,north,425,1
AE00346,C0367,O00864,2025-07-24 12:46:00,track_order,S85123,Android,east,466,1
AE00347,C0198,,2024-11-19 11:28:00,track_order,S52660,Web,south,632,1
AE00348,C0470,O00950,2025-05-06 06:45:00,chat_opened,S12702,Android,central,73,1
AE00349,C0568,O00258,2025-07-01 01:46:00,search_route,S68625,Android,central,599,1
AE00350,C0440,O00649,2024-07-11 13:26:00,chat_escalated,S55047,Web,riverside,431,1
AE00351,C0374,,2024-08-10 14:40:00,chat_opened,S77770,iOS,riverside,665,1
AE00352,C0372,O01052,2025-07-04 15:37:00,payment_retry,S40310,Android,east,339,0
AE00353,C0467,O01164,2025-06-19 03:46:00,track_order,S84118,Web,airport,1240,1
AE00354,C0240,O00522,2025-12-31 09:17:00,payment_retry,S88059,iOS,airport,224,1
AE00355,C0024,O00498,2025-09-05 07:19:00,eta_refresh,S50272,Web,central,162,1
AE00356,C0188,,2025-06-02 05:26:00,delivery_instruction_update,S19198,Android,airport,439,1
AE00357,C0237,O00715,2024-03-31 09:46:00,track_order,S58207,Android,west,155,1
AE00358,C0150,,2025-09-15 07:41:00,cancel_attempt,S49398,iOS,west,436,1
AE00359,C0246,O00285,2025-07-20 17:10:00,chat_opened,S75742,Android,north,421,1
AE00360,C0494,,2024-08-24 23:13:00,search_route,S90549,Android,south,546,1
AE00361,C0107,O01138,2024-08-11 22:50:00,chat_opened,S52326,Android,airport,1690,1
AE00362,C0110,O00472,2025-05-18 06:34:00,cancel_attempt,S41990,Android,central,712,1
AE00363,C0502,,2024-05-27 09:15:00,eta_refresh,S13723,iOS,west,314,1
AE00364,C0442,O00437,2025-12-28 12:16:00,chat_opened,S62470,Android,west,191,1
AE00365,C0495,,2024-05-26 00:06:00,track_order,S52410,Web,south,345,1
AE00366,C0303,O00876,2025-02-12 17:14:00,track_order,S28427,iOS,east,374,1
AE00367,C0422,,2025-12-09 08:52:00,payment_retry,S64636,iOS,riverside,250,0
AE00368,C0198,O00108,2024-05-13 12:41:00,eta_refresh,S81518,iOS,south,690,1
AE00369,C0233,O00056,2025-07-03 19:28:00,payment_retry,S64693,Android,south,767,1
AE00370,C0143,O00349,2025-11-04 05:48:00,track_order,S81391,Android,south,248,1
AE00371,C0465,O00120,2025-09-02 04:20:00,delivery_instruction_update,S69933,Android,south,567,1
AE00372,C0031,O01153,2025-01-11 08:26:00,chat_escalated,S31367,Android,north,421,0
AE00373,C0428,O00887,2024-06-05 00:55:00,eta_refresh,S30198,Web,airport,749,1
AE00374,C0235,,2025-07-27 14:49:00,delivery_instruction_update,S26479,Android,south,446,1
AE00375,C0191,O01124,2025-03-22 13:47:00,delivery_instruction_update,S67260,iOS,riverside,669,1
AE00376,C0097,O00348,2025-10-15 06:18:00,track_order,S46372,Android,east,337,1
AE00377,C0144,O00866,2024-11-14 08:15:00,eta_refresh,S75566,Android,south,60,1
AE00378,C0528,O01093,2025-07-17 03:13:00,track_order,S64607,iOS,airport,668,1
AE00379,C0649,O00517,2024-02-27 15:55:00,chat_opened,S53800,iOS,south,301,1
AE00380,C0134,O01002,2025-12-21 09:44:00,eta_refresh,S23762,Android,central,60,1
AE00381,C0573,O00812,2025-04-17 07:41:00,eta_refresh,S64472,Android,east,517,1
AE00382,C0361,O01249,2025-11-02 07:29:00,eta_refresh,S86079,iOS,central,428,1
AE00383,C0313,O01239,2025-07-08 22:02:00,chat_escalated,S25556,iOS,north,534,1
AE00384,C0425,O00303,2025-07-13 15:37:00,payment_retry,S91940,Android,airport,265,1
AE00385,C0331,O01246,2025-02-23 03:07:00,delivery_instruction_update,S85959,iOS,riverside,636,1
AE00386,C0269,O01127,2025-03-20 05:38:00,chat_opened,S72987,iOS,east,436,1
AE00387,C0430,,2024-12-23 11:44:00,eta_refresh,S12449,Android,central,1103,1
AE00388,C0437,,2025-07-07 13:49:00,payment_retry,S40594,Android,central,363,1
AE00389,C0026,O00884,2024-07-14 21:54:00,search_route,S34019,Web,airport,1265,1
AE00390,C0140,,2025-06-17 17:49:00,delivery_instruction_update,S39323,iOS,east,324,1
AE00391,C0058,,2024-06-01 07:38:00,eta_refresh,S98672,Web,west,68,1
AE00392,C0617,,2024-07-25 22:02:00,chat_opened,S55184,Android,south,552,1
AE00393,C0406,O01209,2025-01-01 09:37:00,chat_escalated,S87121,iOS,west,324,1
AE00394,C0292,O01005,2025-04-26 09:01:00,chat_opened,S35246,iOS,east,267,1
AE00395,C0016,O00748,2024-04-30 02:38:00,search_route,S79318,iOS,airport,161,1
AE00396,C0564,O00111,2024-01-02 03:02:00,track_order,S54033,Web,airport,1633,1
AE00397,C0517,O00180,2024-08-16 20:27:00,search_route,S72253,iOS,airport,676,1
AE00398,C0317,,2025-04-24 02:57:00,track_order,S10823,Android,riverside,442,1
AE00399,C0617,,2025-04-03 23:33:00,search_route,S59034,iOS,airport,504,1
AE00400,C0256,O01216,2024-10-07 04:49:00,search_route,S90819,iOS,north,149,1
AE00401,C0401,,2025-08-10 10:58:00,eta_refresh,S66819,Android,west,692,1
AE00402,C0459,O00554,2025-01-15 08:37:00,track_order,S46288,iOS,south,655,1
AE00403,C0180,O00149,2025-03-19 09:20:00,payment_retry,S10192,Android,central,108,1
AE00404,C0121,O01227,2025-04-05 09:01:00,eta_refresh,S46724,iOS,riverside,521,1
AE00405,C0534,O00754,2024-10-26 21:19:00,search_route,S47493,Android,airport,391,1
AE00406,C0347,,2024-04-14 08:45:00,search_route,S35157,Web,south,314,1
AE00407,C0323,O00442,2025-01-12 17:00:00,track_order,S11233,iOS,riverside,435,1
AE00408,C0188,O01142,2024-01-27 06:30:00,delivery_instruction_update,S52727,Android,west,94,1
AE00409,C0553,O00968,2025-05-18 14:10:00,payment_retry,S15466,Android,south,247,1
AE00410,C0377,O00170,2024-08-15 13:48:00,cancel_attempt,S21027,Android,central,556,1
AE00411,C0232,O00652,2025-07-11 06:55:00,eta_refresh,S54027,Web,west,318,1
AE00412,C0005,,2025-12-17 03:49:00,search_route,S77981,Android,west,363,1
AE00413,C0615,O00548,2025-06-30 19:24:00,chat_opened,S29100,Web,east,415,1
AE00414,C0347,,2025-11-27 13:43:00,delivery_instruction_update,S35015,Android,airport,863,1
AE00415,C0073,,2025-01-14 07:33:00,track_order,S23089,Android,east,189,1
AE00416,C0567,,2024-12-03 09:17:00,payment_retry,S49000,Android,south,377,1
AE00417,C0381,O01091,2025-05-26 16:35:00,payment_retry,S83880,Android,west,93,0
AE00418,C0012,O01122,2025-11-06 16:41:00,track_order,S77156,Android,west,489,1
AE00419,C0098,,2025-12-13 06:08:00,chat_escalated,S21703,iOS,south,218,0
AE00420,C0292,O00068,2025-07-12 13:05:00,track_order,S85103,Android,north,313,1
AE00421,C0248,,2025-05-29 14:18:00,payment_retry,S91752,Web,riverside,626,1
AE00422,C0441,O00626,2024-05-03 17:49:00,eta_refresh,S44698,Android,airport,1148,1
AE00423,C0397,,2024-08-17 11:02:00,payment_retry,S97087,Android,east,417,1
AE00424,C0122,O00515,2025-01-30 01:54:00,track_order,S63816,Android,airport,863,1
AE00425,C0444,O00651,2025-12-13 07:30:00,track_order,S51771,Web,airport,427,1
AE00426,C0232,O00442,2024-01-06 16:17:00,eta_refresh,S91627,Android,east,385,1
AE00427,C0163,,2024-09-11 08:22:00,delivery_instruction_update,S86956,Android,north,336,1
AE00428,C0410,,2024-03-14 05:03:00,chat_opened,S38484,Android,central,242,1
AE00429,C0604,O00119,2025-05-29 18:52:00,delivery_instruction_update,S89816,iOS,riverside,374,1
AE00430,C0293,O00589,2025-02-27 18:39:00,eta_refresh,S54890,Android,north,507,1
AE00431,C0498,O00890,2024-12-12 02:40:00,search_route,S42910,Android,south,840,1
AE00432,C0566,,2025-08-22 15:42:00,search_route,S57637,Android,north,489,1
AE00433,C0505,O01229,2024-11-08 11:31:00,cancel_attempt,S95338,Web,south,173,1
AE00434,C0568,O00624,2024-07-01 20:26:00,track_order,S65887,Android,east,572,1
AE00435,C0443,,2024-09-19 15:35:00,eta_refresh,S85198,Android,south,627,1
AE00436,C0105,O00400,2024-09-11 01:02:00,payment_retry,S32334,iOS,riverside,607,1
AE00437,C0039,O01030,2024-01-22 18:04:00,payment_retry,S89304,iOS,west,153,0
AE00438,C0141,O00110,2025-06-03 18:59:00,eta_refresh,S56257,Android,riverside,880,1
AE00439,C0266,O00694,2025-06-22 20:44:00,chat_opened,S88251,iOS,south,442,1
AE00440,C0343,O00175,2024-10-10 07:45:00,eta_refresh,S65286,Android,east,343,1
AE00441,C0410,O00491,2025-02-03 05:01:00,track_order,S20334,Android,east,633,1
AE00442,C0399,O01089,2024-03-29 12:18:00,chat_opened,S61743,iOS,airport,613,1
AE00443,C0352,O00052,2024-06-17 16:24:00,track_order,S44595,Web,north,427,1
AE00444,C0033,O00457,2025-10-27 22:48:00,chat_opened,S80276,Android,central,444,1
AE00445,C0059,O00368,2024-08-28 18:45:00,search_route,S64535,Android,east,257,1
AE00446,C0363,,2024-12-08 21:41:00,delivery_instruction_update,S49168,iOS,south,295,1
AE00447,C0482,,2024-05-27 00:40:00,cancel_attempt,S25973,Android,airport,427,1
AE00448,C0116,O00640,2025-06-03 06:20:00,payment_retry,S60860,Web,west,696,1
AE00449,C0448,O01046,2025-05-16 16:42:00,track_order,S75654,Android,central,354,1
AE00450,C0127,O00569,2024-10-17 16:23:00,cancel_attempt,S31505,Android,riverside,481,1
AE00451,C0263,O00397,2024-04-19 20:58:00,payment_retry,S48520,Web,north,566,1
AE00452,C0328,O01033,2025-10-14 21:53:00,payment_retry,S67845,Android,south,865,1
AE00453,C0533,O01050,2025-01-07 07:22:00,eta_refresh,S27396,Android,south,60,1
AE00454,C0319,,2024-06-16 07:27:00,cancel_attempt,S86441,Android,south,619,1
AE00455,C0185,,2025-06-15 06:13:00,delivery_instruction_update,S73947,iOS,riverside,144,1
AE00456,C0065,O00468,2025-08-26 00:32:00,chat_opened,S41927,iOS,west,445,1
AE00457,C0646,,2025-04-02 08:36:00,payment_retry,S34228,Web,airport,881,1
AE00458,C0227,,2024-02-08 23:26:00,search_route,S49487,Android,north,606,1
AE00459,C0530,O00259,2025-05-01 22:20:00,eta_refresh,S39920,Android,riverside,633,1
AE00460,C0207,,2025-04-08 18:47:00,cancel_attempt,S22911,iOS,riverside,253,1
AE00461,C0338,O00694,2025-01-20 13:17:00,search_route,S99353,Android,south,560,1
AE00462,C0306,O00871,2024-07-08 17:38:00,track_order,S25207,Web,airport,1403,1
AE00463,C0632,O00578,2025-12-12 16:29:00,search_route,S67860,iOS,west,459,1
AE00464,C0141,,2025-06-13 02:18:00,chat_opened,S99949,Android,east,498,1
AE00465,C0405,O00472,2024-10-14 12:40:00,payment_retry,S46496,Android,north,289,1
AE00466,C0340,O00877,2025-02-07 04:03:00,delivery_instruction_update,S79340,iOS,north,741,1
AE00467,C0020,O00568,2024-11-16 21:24:00,eta_refresh,S88112,Web,north,72,1
AE00468,C0256,O00270,2025-08-21 17:49:00,chat_opened,S77533,Android,airport,386,1
AE00469,C0364,O00426,2025-10-01 02:21:00,chat_opened,S25925,Android,north,230,1
AE00470,C0426,O00313,2024-07-12 14:41:00,chat_opened,S38146,iOS,north,630,1
AE00471,C0483,,2024-08-30 13:38:00,track_order,S61566,iOS,riverside,535,1
AE00472,C0598,O00433,2024-08-03 09:44:00,search_route,S33427,iOS,west,400,1
AE00473,C0237,O00215,2025-01-30 21:28:00,payment_retry,S43089,Android,central,404,1
AE00474,C0395,O01240,2025-11-06 13:46:00,chat_opened,S54474,Android,west,476,1
AE00475,C0408,O00456,2025-11-20 04:29:00,track_order,S71913,iOS,south,763,1
AE00476,C0523,O00217,2024-04-23 05:35:00,track_order,S88872,Web,west,294,1
AE00477,C0266,,2024-03-30 19:25:00,delivery_instruction_update,S53022,iOS,airport,365,1
AE00478,C0629,O00162,2024-08-04 19:21:00,cancel_attempt,S92557,iOS,west,511,1
AE00479,C0607,O00836,2025-01-09 13:34:00,eta_refresh,S96851,iOS,west,266,1
AE00480,C0376,O00946,2025-09-17 13:25:00,eta_refresh,S83765,Web,west,655,1
AE00481,C0120,O00026,2025-02-09 09:36:00,eta_refresh,S31920,iOS,west,486,1
AE00482,C0538,O01053,2025-05-25 15:42:00,track_order,S90703,Android,central,363,1
AE00483,C0220,O00464,2025-08-05 22:34:00,payment_retry,S60131,Android,north,378,1
AE00484,C0409,O00954,2024-09-08 07:04:00,chat_opened,S54681,Android,east,366,1
AE00485,C0286,O00820,2025-03-22 14:00:00,search_route,S27241,iOS,central,650,1
AE00486,C0642,O01090,2024-11-24 12:57:00,delivery_instruction_update,S44319,Web,east,445,1
AE00487,C0113,O00668,2024-03-30 03:51:00,search_route,S82488,Web,riverside,407,1
AE00488,C0403,O00609,2025-06-02 02:06:00,payment_retry,S49774,iOS,north,504,0
AE00489,C0216,O00923,2025-09-06 07:08:00,search_route,S25859,Web,airport,93,1
AE00490,C0092,O00951,2024-11-16 07:23:00,track_order,S49678,Android,central,629,1
AE00491,C0280,O00387,2024-10-28 12:40:00,eta_refresh,S83479,iOS,east,379,1
AE00492,C0626,O00321,2025-09-27 14:21:00,chat_escalated,S90324,Web,central,732,0
AE00493,C0032,O00014,2025-10-16 22:09:00,search_route,S81341,Android,west,609,1
AE00494,C0066,,2024-12-17 10:58:00,track_order,S87386,Android,east,204,1
AE00495,C0152,O00180,2025-05-26 14:42:00,eta_refresh,S19414,iOS,north,461,1
AE00496,C0449,O00883,2024-02-21 07:36:00,chat_escalated,S79276,Android,south,699,1
AE00497,C0019,O00629,2024-10-09 04:18:00,search_route,S48419,Android,south,570,1
AE00498,C0621,,2025-04-05 12:19:00,chat_opened,S97305,iOS,airport,234,1
AE00499,C0067,,2025-01-15 23:40:00,track_order,S64477,Android,riverside,322,1
AE00500,C0044,O01025,2025-11-09 05:18:00,cancel_attempt,S17169,Android,riverside,401,1
AE00501,C0088,,2024-03-21 09:36:00,chat_opened,S85870,iOS,south,317,1
AE00502,C0298,O00586,2025-06-11 10:21:00,delivery_instruction_update,S37174,iOS,riverside,339,1
AE00503,C0112,O00001,2024-08-02 12:35:00,delivery_instruction_update,S44209,Android,riverside,204,1
AE00504,C0530,O00911,2024-09-27 20:14:00,eta_refresh,S26188,iOS,north,650,1
AE00505,C0126,O00933,2025-07-16 13:22:00,delivery_instruction_update,S77180,Web,riverside,60,1
AE00506,C0521,O00847,2025-06-12 23:24:00,search_route,S52317,Android,north,746,1
AE00507,C0613,O00916,2025-12-30 23:05:00,eta_refresh,S75035,iOS,east,805,1
AE00508,C0247,,2024-01-05 03:05:00,search_route,S40964,iOS,airport,661,1
AE00509,C0408,O00111,2025-09-01 23:13:00,delivery_instruction_update,S54652,iOS,north,558,1
AE00510,C0622,O01201,2025-09-10 05:05:00,chat_opened,S76345,Android,west,200,1
AE00511,C0603,O00263,2025-02-23 07:32:00,eta_refresh,S15323,Android,south,626,1
AE00512,C0089,O00210,2024-04-09 08:22:00,payment_retry,S31359,iOS,central,171,1
AE00513,C0128,,2025-12-15 19:45:00,chat_escalated,S83961,Android,central,387,0
AE00514,C0479,O00130,2024-04-16 07:25:00,track_order,S88181,Android,west,563,1
AE00515,C0239,O00552,2025-08-10 23:50:00,track_order,S66252,iOS,south,241,1
AE00516,C0054,O00305,2024-08-19 07:16:00,eta_refresh,S55049,Android,west,695,1
AE00517,C0089,O00288,2025-01-06 00:09:00,eta_refresh,S30949,Android,riverside,358,1
AE00518,C0313,O00598,2025-03-20 18:15:00,cancel_attempt,S42373,Android,south,60,1
AE00519,C0425,O00482,2025-03-13 19:45:00,delivery_instruction_update,S91220,Android,south,472,1
AE00520,C0221,O00875,2025-11-30 11:23:00,delivery_instruction_update,S38093,iOS,south,60,1
AE00521,C0542,O01079,2024-08-26 03:38:00,eta_refresh,S43006,Android,airport,153,1
AE00522,C0495,O00380,2024-01-09 03:41:00,eta_refresh,S15468,iOS,airport,247,1
AE00523,C0212,,2025-08-13 15:36:00,delivery_instruction_update,S34133,Android,central,990,1
AE00524,C0377,O00759,2024-03-17 02:17:00,chat_opened,S27328,iOS,airport,1468,1
AE00525,C0300,O01001,2025-07-23 15:34:00,delivery_instruction_update,S49936,Android,central,716,1
AE00526,C0137,,2025-04-21 19:54:00,search_route,S25731,Android,south,313,1
AE00527,C0475,,2025-10-06 08:53:00,track_order,S58709,iOS,west,225,1
AE00528,C0502,O00032,2025-02-28 15:15:00,eta_refresh,S61761,Android,north,376,1
AE00529,C0226,,2024-01-17 07:51:00,track_order,S67010,Web,south,810,1
AE00530,C0433,O00520,2024-01-01 10:39:00,eta_refresh,S29551,iOS,riverside,279,1
AE00531,C0175,O00897,2025-12-13 19:30:00,payment_retry,S18824,iOS,east,298,0
AE00532,C0223,,2025-04-13 05:32:00,delivery_instruction_update,S23263,Web,west,420,1
AE00533,C0358,O00953,2024-11-10 03:21:00,eta_refresh,S56553,iOS,central,662,1
AE00534,C0518,O00447,2024-01-04 16:24:00,eta_refresh,S59635,Android,north,271,1
AE00535,C0133,O01234,2025-05-23 02:05:00,chat_opened,S28612,Android,airport,405,1
AE00536,C0317,,2025-02-25 05:22:00,eta_refresh,S46532,Android,central,671,1
AE00537,C0124,O00394,2024-08-10 21:10:00,search_route,S68896,Android,south,431,1
AE00538,C0597,O00135,2024-04-18 11:43:00,delivery_instruction_update,S20205,iOS,east,666,1
AE00539,C0145,O00986,2024-07-06 23:30:00,track_order,S78417,Web,east,133,1
AE00540,C0094,,2024-03-01 14:58:00,chat_opened,S46627,Android,north,347,1
AE00541,C0635,O00803,2024-06-06 20:52:00,track_order,S34716,iOS,riverside,83,1
AE00542,C0508,O00291,2024-09-28 21:45:00,track_order,S86081,iOS,south,267,1
AE00543,C0176,O00002,2025-06-26 03:34:00,track_order,S74871,iOS,airport,244,1
AE00544,C0411,O00258,2024-06-17 01:39:00,chat_opened,S14020,iOS,central,451,1
AE00545,C0019,O00640,2025-10-23 01:47:00,search_route,S93178,Android,central,171,1
AE00546,C0041,O00050,2025-07-18 12:02:00,eta_refresh,S37605,Web,north,242,1
AE00547,C0238,O00764,2024-09-28 04:05:00,chat_escalated,S36427,Android,riverside,1138,0
AE00548,C0454,O00923,2024-05-03 13:22:00,chat_opened,S35306,Android,east,510,1
AE00549,C0442,O00287,2025-08-29 00:35:00,delivery_instruction_update,S64617,iOS,west,763,1
AE00550,C0388,O00923,2024-08-15 18:46:00,search_route,S46051,Android,north,549,1
AE00551,C0013,O00455,2025-06-15 23:09:00,chat_opened,S84328,Android,riverside,477,1
AE00552,C0616,O01232,2024-07-28 14:12:00,search_route,S47519,Android,south,671,1
AE00553,C0401,,2025-08-13 10:59:00,track_order,S41785,iOS,central,104,1
AE00554,C0394,O01117,2024-11-03 05:42:00,track_order,S93872,Web,south,292,1
AE00555,C0108,,2025-10-11 17:50:00,track_order,S35202,Web,airport,904,1
AE00556,C0266,,2024-02-13 11:19:00,track_order,S17949,iOS,east,598,1
AE00557,C0187,O00982,2025-02-13 06:44:00,chat_opened,S54552,iOS,riverside,720,1
AE00558,C0129,O01192,2024-08-27 13:04:00,payment_retry,S40376,iOS,east,603,1
AE00559,C0337,O01131,2024-01-30 07:36:00,chat_escalated,S93047,iOS,airport,426,0
AE00560,C0062,O01056,2025-03-30 12:44:00,chat_opened,S36308,Android,airport,60,1
AE00561,C0006,O00716,2024-03-14 20:26:00,chat_opened,S17807,Web,south,97,1
AE00562,C0291,O00100,2024-05-17 23:35:00,payment_retry,S45061,Android,south,567,0
AE00563,C0259,O00572,2025-11-07 23:10:00,search_route,S94354,iOS,east,424,1
AE00564,C0620,O00745,2025-06-29 18:33:00,track_order,S88208,Android,south,854,1
AE00565,C0260,O00177,2024-09-19 23:02:00,track_order,S51574,Web,south,351,1
AE00566,C0538,O00071,2024-12-15 09:29:00,chat_opened,S13907,iOS,airport,709,1
AE00567,C0403,,2025-12-06 13:13:00,delivery_instruction_update,S74491,Android,riverside,838,1
AE00568,C0033,O00103,2025-07-16 05:21:00,search_route,S88268,iOS,airport,691,1
AE00569,C0029,O00438,2025-05-20 00:59:00,cancel_attempt,S35398,Android,west,831,1
AE00570,C0133,O01194,2024-05-21 17:50:00,delivery_instruction_update,S69203,iOS,riverside,387,1
AE00571,C0568,O00328,2025-01-08 15:50:00,chat_escalated,S30102,Web,south,661,1
AE00572,C0074,,2025-10-03 05:16:00,track_order,S12786,Android,east,67,1
AE00573,C0291,O00865,2024-04-17 04:45:00,chat_opened,S32689,Android,central,256,1
AE00574,C0591,O01219,2025-08-20 22:54:00,track_order,S22064,Android,airport,517,1
AE00575,C0509,O00011,2024-12-26 18:38:00,track_order,S44128,iOS,airport,456,1
AE00576,C0218,O00901,2024-11-04 21:00:00,search_route,S39058,Android,west,488,1
AE00577,C0050,O00217,2025-10-29 03:52:00,payment_retry,S25608,iOS,south,280,1
AE00578,C0289,O01215,2025-06-28 05:20:00,chat_opened,S40958,Android,central,1462,1
AE00579,C0088,O01143,2025-07-28 12:36:00,search_route,S48311,Android,north,730,1
AE00580,C0442,O00629,2025-10-11 08:12:00,delivery_instruction_update,S87300,Android,east,60,1
AE00581,C0203,,2024-03-07 08:14:00,chat_opened,S36767,Android,west,708,1
AE00582,C0509,O00053,2025-01-01 20:04:00,chat_escalated,S17952,iOS,central,1402,0
AE00583,C0040,O00424,2024-12-19 02:44:00,eta_refresh,S38065,iOS,east,60,1
AE00584,C0338,,2024-06-02 09:07:00,cancel_attempt,S42250,iOS,north,441,1
AE00585,C0183,O00458,2025-06-21 10:17:00,eta_refresh,S16357,Android,central,152,1
AE00586,C0334,,2025-04-07 08:42:00,search_route,S25359,Android,central,249,1
AE00587,C0430,,2024-05-21 17:34:00,chat_opened,S79926,Android,south,213,1
AE00588,C0046,O00582,2025-06-03 08:19:00,payment_retry,S73412,iOS,riverside,516,0
AE00589,C0543,,2024-11-19 19:38:00,track_order,S82119,Android,riverside,357,1
AE00590,C0515,,2025-04-13 04:28:00,search_route,S33101,Android,east,145,1
AE00591,C0099,O00801,2024-11-06 12:29:00,eta_refresh,S78327,Android,central,755,1
AE00592,C0231,,2024-05-06 13:33:00,delivery_instruction_update,S63193,Android,airport,704,1
AE00593,C0030,,2025-03-10 18:52:00,track_order,S79043,Android,west,655,1
AE00594,C0208,O00618,2024-03-03 09:59:00,track_order,S43752,iOS,west,308,1
AE00595,C0610,O00716,2025-10-02 23:19:00,eta_refresh,S26110,Android,south,142,1
AE00596,C0174,O00190,2024-01-01 19:53:00,eta_refresh,S32843,iOS,airport,462,1
AE00597,C0514,O00030,2024-12-02 18:45:00,track_order,S92720,iOS,riverside,234,1
AE00598,C0461,,2024-06-05 00:16:00,chat_opened,S43230,Android,north,712,1
AE00599,C0410,O00517,2024-09-10 00:17:00,chat_escalated,S52699,Web,riverside,282,1
AE00600,C0634,O00251,2024-12-03 03:06:00,payment_retry,S11815,iOS,west,432,1
AE00601,C0503,O00374,2025-01-06 09:15:00,delivery_instruction_update,S37139,Android,north,850,1
AE00602,C0278,O00559,2024-11-29 17:16:00,chat_opened,S47257,Android,south,355,1
AE00603,C0232,O00960,2024-07-04 16:58:00,search_route,S62391,Web,south,552,1
AE00604,C0378,O00338,2024-05-05 23:01:00,search_route,S93133,iOS,central,266,1
AE00605,C0576,O01052,2024-07-20 03:58:00,chat_escalated,S79827,Web,north,235,0
AE00606,C0442,O00536,2025-01-20 17:25:00,eta_refresh,S68063,iOS,south,394,1
AE00607,C0128,O01228,2024-10-05 00:14:00,eta_refresh,S70979,iOS,north,609,1
AE00608,C0032,O00812,2025-10-21 12:26:00,eta_refresh,S22172,Web,riverside,60,1
AE00609,C0003,O00895,2025-06-27 12:45:00,payment_retry,S43719,iOS,riverside,715,1
AE00610,C0590,,2025-06-19 02:45:00,track_order,S62267,Web,airport,60,1
AE00611,C0038,O00716,2024-11-01 15:56:00,track_order,S52284,Android,riverside,60,1
AE00612,C0446,O00508,2024-07-26 04:10:00,track_order,S42727,Web,west,605,1
AE00613,C0263,O00620,2025-03-03 17:24:00,search_route,S70320,Android,west,355,1
AE00614,C0351,O00652,2024-05-01 01:28:00,eta_refresh,S73106,Android,central,154,1
AE00615,C0450,O00983,2025-09-04 00:03:00,eta_refresh,S99323,iOS,west,322,1
AE00616,C0340,O00578,2025-04-08 21:34:00,delivery_instruction_update,S42991,Android,south,569,1
AE00617,C0131,,2025-07-21 05:36:00,chat_opened,S95435,iOS,central,770,1
AE00618,C0058,O01053,2025-05-14 10:54:00,track_order,S64470,iOS,north,294,1
AE00619,C0279,O00904,2024-03-14 15:05:00,cancel_attempt,S29439,iOS,west,551,1
AE00620,C0017,O01083,2025-08-02 12:06:00,track_order,S69072,Android,north,448,1
AE00621,C0141,O01114,2025-10-30 17:01:00,delivery_instruction_update,S54683,Android,east,778,1
AE00622,C0052,,2024-05-31 16:42:00,eta_refresh,S48972,iOS,north,440,1
AE00623,C0168,O00809,2025-01-04 07:15:00,track_order,S80005,Android,airport,444,1
AE00624,C0214,O00374,2025-06-27 06:15:00,delivery_instruction_update,S81380,iOS,airport,1285,1
AE00625,C0650,O00427,2024-08-18 13:02:00,search_route,S41166,Android,south,333,1
AE00626,C0159,O00492,2024-09-29 13:26:00,track_order,S38639,Android,west,414,1
AE00627,C0357,,2024-11-25 02:30:00,search_route,S10635,Web,north,225,1
AE00628,C0264,O00101,2025-05-06 06:56:00,eta_refresh,S90532,Android,east,462,1
AE00629,C0412,O01113,2025-08-29 10:33:00,track_order,S17041,Android,west,211,1
AE00630,C0161,O00372,2025-06-18 06:26:00,chat_opened,S53370,iOS,south,60,1
AE00631,C0106,O00340,2024-04-03 16:30:00,chat_escalated,S75165,iOS,south,313,1
AE00632,C0459,O00658,2024-10-03 01:10:00,chat_opened,S57477,Android,south,283,1
AE00633,C0298,O00533,2024-07-22 05:38:00,delivery_instruction_update,S42849,Web,north,242,1
AE00634,C0240,,2024-02-13 14:15:00,chat_escalated,S33275,Android,riverside,398,0
AE00635,C0175,O00485,2025-09-04 14:17:00,delivery_instruction_update,S65669,iOS,north,245,1
AE00636,C0431,O00575,2025-12-07 01:24:00,chat_opened,S12829,Web,south,172,1
AE00637,C0550,O01112,2024-05-22 07:43:00,search_route,S63179,Web,central,535,1
AE00638,C0184,O01227,2024-09-08 23:22:00,eta_refresh,S73176,Android,east,758,1
AE00639,C0191,O00991,2025-01-06 07:47:00,eta_refresh,S77218,Android,central,223,1
AE00640,C0182,,2025-04-15 23:12:00,track_order,S76489,iOS,central,449,1
